"","response_id","rating_chooses_appropriate_action","rating_commits_to_action","rating_gathers_information","rating_identifies_issues_opportunities","rating_interprets_information","rating_involves_others","rating_decision_making_final_score"
"1","XSEKmbXmmZi",2.72805449419625,2.68372857524088,2.71097435738803,2.49406501154617,2.75873793606908,2.72392802626498,4.23908422890098
"2","OTigqBfxROr",2.02122538895331,1.95448895238639,1.99220800085913,3.13015012825731,2.08770183643077,2.91120008486057,3.54269113387975
"3","lMGidYKEOBv",1.39949523657147,1.3696669191694,1.38296534915275,3.47078418411862,1.4510754407243,2.76364579708915,2.91432960683896
"4","lEmnRmxniLl",3.28464477934859,3.34278528499277,3.31140069325183,1.66530857683725,3.21766451137739,2.10865636977929,4.76377142318618
"5","OhnFgbmEVqG",2.51106618633751,2.4380126936377,2.48145138467927,2.77378949598126,2.57063400205544,2.90191577776323,4.03140052285357
"6","fBXEmQQHwwi",2.54416205582285,2.50297823115116,2.52761905075746,2.62486854695762,2.57680786589526,2.72316342259554,4.0554013525607
"7","jNzQJgjOtEu",3.50955621919161,3.47982669907575,3.50154074790548,1.83013871992804,3.50900549704067,2.57302674619256,5.01189060562011
"8","YoLiXcwOIUo",3.20051948961773,3.21268010141305,3.20827000519343,1.90844119631189,3.1732781998867,2.36982771363444,4.6929829994727
"9","UcOzLhyPleE",2.28830753965373,2.24686333250149,2.27063127285348,2.82476450430631,2.32747793814003,2.74764687039063,3.8011318814351
"10","hQYtLESziBT",2.25972255752773,2.21583649789444,2.24094011307584,2.85642424360726,2.30159828778164,2.76368937576287,3.77339773536303
"11","vUcMVnGdPZQ",2.34908787100683,2.243254662061,2.3055141888348,3.02641551750074,2.43950235811255,3.09729705264188,3.87953318622222
"12","EUhllpFvKnU",2.86103937743239,2.7877649476866,2.83274041888505,2.50259060937661,2.91215519571653,2.87160875211276,4.37936674680987
"13","dPAnYHSRVSY",4.20330692818674,4.22989079804738,4.22094053015608,1.07316693669843,4.13951472785337,2.19994795611703,5.68581543680193
"14","ApEzGRSOaYy",3.21752493466033,3.15162498610687,3.19365166443941,2.19696885199706,3.25380642626984,2.79882401091976,4.73168586804891
"15","ggoNbpfpdLV",1.66762201377407,1.56188475804893,1.62135042416343,3.55578456158727,1.77476798325162,3.15815424013354,3.20206862273762
"16","nMcHtfeohEP",4.15903142344119,4.0794723626045,4.13339386606537,1.51788533207101,4.18327695225035,2.78934740002794,5.67144141497237
"17","IdYziHMcgHi",3.03498166131385,2.90857688701058,2.98581070383544,2.57275388010896,3.12532776362204,3.14897033447158,4.56711720099794
"18","IaFEkYxawoX",2.23722789589765,2.15877044868841,2.20431935016813,3.00754793382411,2.30797720358174,2.95638759420071,3.76068988956253
"19","bNvGteuGJNj",1.47071407124143,1.47142157247189,1.46686755344862,3.29738426966856,1.49552447515477,2.58881591993199,2.97660052945821
"20","tEiBRwYpPba",2.64535726305172,2.63679954477798,2.64246666028752,2.4200862813474,2.64878159848186,2.53410469190876,4.14688775962091
"21","VlqJPmlyynD",7.10131444955998,6.96290239015253,7.06359958300881,-0.541809916553339,7.10118976268868,2.84889923982843,8.61276719576174
"22","qDJIUyzHdZb",4.50224985388324,4.55879036140116,4.53324625409714,0.724983726371111,4.40654489024552,2.0077990702618,5.97462612505007
"23","WZeVSZWtaxo",2.3190791277764,2.23585460046253,2.28456390458083,2.96234796228542,2.39171425743268,2.97530636264427,3.84338848401132
"24","zAjehCmsPDp",2.8814072628141,2.92310992690483,2.89987006024752,2.04230800051388,2.83783870738169,2.23563976146859,4.36750757838164
"25","bNlCKwWJnyV",1.69264527408708,1.46374160159364,1.59646941370701,4.01243842557566,1.90006410404242,3.8352010495911,3.26133745266995
"26","NyZGQolRXuu",3.30803781576569,3.13647473575626,3.24162951091702,2.53505431937416,3.42863911850176,3.37343548468489,4.85116952806333
"27","PCccQQshzLQ",2.05277039300819,1.93314573176916,2.00240741735617,3.31007051475128,2.16179138477021,3.20005343864339,3.58881839622087
"28","bNJagTIsbFc",1.26210219786359,1.20711644903341,1.23480676618347,3.67483443826704,1.33767892265756,2.91477317234709,2.78477374817606
"29","tgqJQXkWUQw",2.04224757933312,1.97764252159586,2.01417994535083,3.10556950358149,2.10645957079199,2.89755119353233,3.56299388913689
"30","EIINbrabwKG",1.19920716354693,1.18669830149985,1.18890447747073,3.55952964548487,1.2415409800941,2.68616557752071,2.7103890663959
"31","KuGLvnVtHSg",2.03260919232506,2.02609696208858,2.02808816104122,2.88850128300173,2.04947297653232,2.57801949794311,3.53719040165607
"32","NZVqlGLlpNs",1.35392808310441,1.24997127609587,1.30711950469456,3.79275326514717,1.46735367705907,3.17659204294844,2.88973173126919
"33","uxzYsVhCxPL",1.19161423067744,1.09684677868214,1.14788459538327,3.88340662745826,1.30151636963609,3.14053112740317,2.72581123051004
"34","JkQHekWJtZb",0.863240572338552,0.67880782736003,0.781788613324053,4.48527464143798,1.05469100437749,3.66464284303676,2.42441705460283
"35","OHsnKgwhnWB",2.75313091430935,2.69815382215883,2.73182718061747,2.5157443944522,2.79192054880496,2.78041366024796,4.26698670033784
"36","vmrlOpnirwd",3.19196840851519,3.17339269378781,3.18720583217296,2.03390117823802,3.19011530353274,2.54011834677154,4.69306539715282
"37","LlsrSHOikGG",2.16027186782335,2.10968533604027,2.13836966694492,2.95963359959922,2.21008940331792,2.80960306470048,3.67640595691907
"38","CIkWBRvoROC",3.16448066686722,3.14156757967807,3.15784675070796,2.07203519853135,3.16685851727106,2.5665163920685,4.66695131839905
"39","GNFPVdWLKdY",2.5894022862439,2.63640959827717,2.60884600287077,2.24879375308528,2.54869154165997,2.23268677542126,4.07574732799852
"40","ulfpABDodol",2.399743919685,2.40438488678659,2.40122547959885,2.55999454318781,2.39841540368874,2.48343469132056,3.89904056294262
"41","YiqIDoyMBrB",4.13528740162458,4.13832735888364,4.14308915142258,1.21705230389451,4.09245875620712,2.3359271143629,5.62477246379996
"42","LULyiJMxihe",2.54245318413362,2.40867294656449,2.48830977189391,2.98413289102222,2.65099026071573,3.23401522930541,4.07955957245033
"43","APwvJxgJYbc",2.20263473645294,2.11630053721532,2.16638934935009,3.06488702061011,2.28068950806942,3.00294646865395,3.7285007429725
"44","ybRTcxGYtud",1.75309284063035,1.89142239207466,1.80625405747092,2.54589136734587,1.65820639576494,1.80435106420094,3.2188800527793
"45","JuimzWvMqkX",2.52621654584651,2.48227639977779,2.50848242041937,2.64947324891091,2.56156283116724,2.73998191840861,4.03833160315241
"46","fMNePdilVhL",2.33347585317692,2.22241810193783,2.28771834057666,3.05874729902556,2.42855506416471,3.12751834968621,3.86547237170084
"47","xZKApboHgaj",1.4117212975788,1.41076654922224,1.40696299384514,3.34966802303746,1.43934851716417,2.60329780593457,2.91842063036835
"48","osrvHnMWbWS",2.95111167119475,2.88224489109775,2.92496393301165,2.41553460059896,2.99639516100289,2.83918549408042,4.46767582110505
"49","XrhblvWmEdy",2.54349478334665,2.40881423195594,2.48899003273525,2.98680340704727,2.65274364626882,3.23888691145113,4.08084642206884
"50","FWGwDpQVdGz",2.73341927095727,2.68279044428078,2.71380174013034,2.51425887982081,2.76913331956398,2.75820725408613,4.24617734392976
"51","bKAODanOrGk",0.661316789328035,0.641622144409586,0.645936477671083,4.00543767278974,0.722805172060222,2.77425052295619,2.17768470410942
"52","vIXkdnTsDCC",2.53731274219198,2.43735891071447,2.49688198706359,2.85737121103721,2.61826817277541,3.04791518258873,4.06500369507444
"53","PUJHmNKqZOG",3.19256216060152,3.08802987303682,3.15290415682306,2.36570894403387,3.26110458592513,3.01414196061346,4.71765849485595
"54","PeSSiTtevLg",2.54882561230186,2.44958935025367,2.50873242303987,2.84564784010017,2.62890926138959,3.04292048655426,4.07624813662379
"55","CPavFOMmdhn",4.20122318109635,4.04055963909031,4.14282717759358,1.79860074055899,4.29086359407991,3.2328630812301,5.73603171851343
"56","nxdTTYvQZOX",2.10765060436189,2.08303578868953,2.09608141758565,2.90014399534086,2.13749179278201,2.67110113316245,3.61684328808477
"57","buhSvaruQxU",1.28531933087608,1.28173380285915,1.27898529935415,3.45809645731997,1.31821954304489,2.62919365064498,2.79350044457156
"58","mquDKdDSYEk",3.07777433866593,3.00667910958627,3.05123055991543,2.32568709474773,3.12175877718167,2.84006631514668,4.59421207702043
"59","xklHjwrZKin",3.08599814700237,2.93024335391081,3.02511616139234,2.64654995782137,3.19912747373595,3.30624920898832,4.62602794844219
"60","AkBlYHKFhim",1.96629434383645,1.83674183877608,1.91155342775758,3.41566954933596,2.08558074680103,3.26259832632145,3.50562579038686
"61","xcJhOAPBZRK",2.890924333719,2.70069450639896,2.81526226324317,2.9314562189959,3.03710541315634,3.51396192742615,4.44173414593443
"62","cPkhTTkRkYt",2.40777401263092,2.27861876392388,2.3549674252122,3.07094811366787,2.51584479429792,3.22063887533117,3.94438497806661
"63","NqXFVsxuMMQ",2.81803262623083,2.89111533660955,2.84898099772494,1.9702714059978,2.75032282159317,2.06827787849901,4.29574485509447
"64","lneRjfJdIxV",1.3835564231159,1.3442503789346,1.36311462744801,3.51981089330483,1.4432933515647,2.81735416047608,2.90113160450388
"65","EPBdQFFYQXp",2.39058227552983,2.27535616569768,2.34336178384552,3.03046840774643,2.4876672671661,3.14536399451527,3.92340523176265
"66","IrLtKBNYbRX",1.57585735731756,1.49655464870658,1.53994948276518,3.52493412005632,1.66361342881416,3.02062568662906,3.10346469148458
"67","ucoCxJyouko",2.27718143147801,2.6147053804945,2.41331909834461,1.36849354932688,2.00619958834353,0.658522454168432,3.68424696373038
"68","vxaSrqLzriK",1.1497721757663,1.00995570963351,1.0875848887663,4.09007186008784,1.29760775223456,3.39275951059695,2.69679616637301
"69","RdsnQTnRgew",2.20789017163367,2.07610177619507,2.15321178175074,3.23650709949626,2.32304850135985,3.25316701753198,3.7464179242242
"70","jLdwIaqXHRy",-0.847778309282246,-1.14519237912453,-0.981971649901954,6.25207619234511,-0.521574122615211,4.44189827974176,0.755061218008754
"71","oTxLlOcjzar",3.29048148367798,3.18387470909928,3.25037450953456,2.2976100337132,3.3583077692038,3.01676283233373,4.81557831294665
"72","jisZAoPoAyy",2.58864182286263,2.44322080308653,2.52995782856117,2.99322599606955,2.705574930712,3.29405707597724,4.12872581228758
"73","MjEqmAawQXz",2.89003499528706,2.73827531257443,2.82998798272961,2.78343933074673,3.00472570821093,3.30186728663918,4.43010750813769
"74","bYsiLwbMtFs",1.47793279301128,1.37223629469707,1.43091593175065,3.70308261563102,1.58972454161564,3.17501664281809,3.01348925794932
"75","MBUFktWkbXj",1.9027427427907,1.73606963143399,1.83267586862987,3.60856312952156,2.05400365498321,3.47305468125164,3.45281554330439
"76","olcIyNVISNb",1.27981386330819,1.18459322445891,1.23625445935709,3.81659613898319,1.38791155691264,3.13508557608987,2.81361607213396
"77","wsnsMLHFKeP",1.9769512846704,1.9276279863251,1.95482570684834,3.09725542944113,2.03025612583366,2.81914944734081,3.49381621618506
"78","wRewZpVnZSj",2.34058544955851,2.32893343076207,2.33521457385828,2.66896292549833,2.35406240847503,2.57862454157653,3.84478149179877
"79","lOHHPNFhqOp",2.64300289189976,2.58340579599193,2.61938117679122,2.61921166179499,2.68829352723635,2.81581473560872,4.15879974374821
"80","zaLcijpFSWN",4.42034970150506,4.31603944335457,4.38571280965506,1.41042558015331,4.45842376535771,2.90231837947776,5.93812668515902
"81","VpMXDrzNXOR",1.77802920811315,1.70693062497669,1.74626410629706,3.33606165169661,1.85407789928631,2.95716576891632,3.3021505686302
"82","IImrOhksjug",2.46102052235852,2.45732339988098,2.45936296744314,2.54459224543612,2.46501049830644,2.5239020433203,3.96228332599836
"83","HpsUMSnTCFd",2.79915750438303,2.73357375269939,2.7737323849289,2.52096601701896,2.84550007973268,2.83476659768997,4.31570307684791
"84","MOWvznUxaId",2.2756377939152,2.24132629596459,2.26080647736745,2.80704154210217,2.30927806044552,2.70944906173798,3.78654525942855
"85","pczHIdPpHng",2.80210726035199,2.68844663759785,2.75717508916606,2.70451650151963,2.88775859826115,3.09965970550664,4.33206057372678
"86","AhsKagyRNgc",3.55633469624458,3.47457915953799,3.52738486809372,1.99488440357626,3.59724647997304,2.8557525253541,5.07292053075157
"87","vWoBICUOcwo",3.20846168361575,3.12529240870698,3.17754077940276,2.27076962566523,3.25911268091817,2.89488610692173,4.72749854449794
"88","cfrfLJAtmep",3.59660803481236,3.63991599147842,3.61859491867921,1.48013874954138,3.53408228716798,2.1623608380675,5.07803258970954
"89","GruGBznBCKY",1.10392938441951,0.998349020629657,1.05545762213087,3.99336659822396,1.22485174421184,3.20806632720455,2.6416641225897
"90","zsyiYJFGXwZ",2.96183449513709,2.9263280629118,2.94927390657804,2.27824312410064,2.97952679667593,2.65422694073294,4.46901958711623
"91","gTXHKZjiFDv",2.71656134644133,2.71614208509817,2.71726087022496,2.33327592698456,2.71156274471391,2.48280452433424,4.21539834650615
"92","IMZwZnMVnyr",3.13099826527667,3.1412696252026,3.137702549699,1.96978676738924,3.1070194479995,2.38650998960994,4.62440027152238
"93","SfZRXVkkVsK",1.71298982594477,1.68716058280883,1.69934257565257,3.21162941150135,1.75356110394607,2.71335009316612,3.22485443831884
"94","XasoAtWLXfa",2.46969921349577,2.43295896016122,2.45466121625494,2.66557566598507,2.5005419461357,2.70536335947601,3.98013781338111
"95","FNySirAIYSr",2.382367399829,2.37238939473037,2.37784396510735,2.630012593377,2.3934424552046,2.56562812269154,3.88584901418765
"96","JoXEGYfuirV",1.99022970481764,1.88747524215024,1.94646474825571,3.29347417086791,2.08697442356815,3.11264273397556,3.5219364795066
"97","SaUgKXztjBX",1.85377171906553,1.78631273581671,1.82378846393729,3.26311388534358,1.92497069983241,2.93026936887902,3.37642903554167
"98","WWYHXiSaMOb",-0.588468422082538,-0.714547023207266,-0.652059246353125,5.38819510712122,-0.409007927539685,3.4735715315139,0.96499394833167
"99","XnhqXflSvis",2.02030836814534,1.91355037340913,1.97503880367592,3.28556826114052,2.11959056022574,3.13201396825627,3.55295531256885
"100","fQJSajDHQVj",2.05265369051487,1.96430861972266,2.01498955736452,3.18924845267024,2.1360553029861,3.02754733021945,3.57996774631547
"101","YwTvxxffevA",1.1356589909687,1.03538867830682,1.08947050567065,3.94817521207879,1.25144900231769,3.17592155115329,2.67172337827446
"102","xMpmnFYkfTN",2.51656249725104,2.36471429327069,2.45497962695139,3.07410171503104,2.6405383661637,3.33599788666342,4.05886729406287
"103","WtWctEeSMjv",-0.540243928459067,-0.709465360097612,-0.621156786154858,5.51747833586814,-0.326633140732382,3.70717353342774,1.02498076654246
"104","eUVJNoaCPgU",2.09786728766422,2.08306762284647,2.09024369739323,2.86980814812199,2.11990985685218,2.61784881935908,3.6043769780018
"105","EXNgybbCkhh",2.63713233449714,2.52685263933937,2.59291023525401,2.81969121814807,2.72408375513838,3.09587377393695,4.16711669729504
"106","DcvHaldcZtY",3.34260569639846,3.38819966269846,3.36450057585116,1.66875170698458,3.28447300547828,2.17263330130509,4.82489328360953
"107","QvzeFdmBlsR",2.93390151533443,2.86495957605466,2.90765414457558,2.4292035091654,2.97967110286036,2.84115030992968,4.45058838079633
"108","DrXMwJBrHXb",1.83772700934566,1.82154145797207,1.82849599774207,3.0773863490739,1.86732182773071,2.64892583159356,3.34616136774498
"109","mrRBSxoUMcR",3.26487484750998,3.10706803989794,3.20387815156625,2.5154316679867,3.37527260766588,3.30145350276598,4.80442033631864
"110","mmmMYEwmgGM",3.38369312128054,3.35672027766252,3.37629135869796,1.91732278828002,3.38398903651152,2.56916056174393,4.88600168872353
"111","WXEoBPwsYmT",1.16809933064654,1.14360668138408,1.15280637107011,3.63003534569885,1.22101685964953,2.75506206399388,2.68281150971305
"112","bsQfyQUZHzG",2.29609573904134,2.12527807282584,2.22592596403218,3.31880972989257,2.44104856008817,3.4604799720568,3.84500080463127
"113","ezMYnSOtRkJ",3.4498692563825,3.36045325176842,3.41738174750864,2.10725761143114,3.49968224961101,2.90759277620077,4.96922353878888
"114","CwFjWZmgWWn",2.98232631054342,2.87488122097069,2.94064139092817,2.54039612275391,3.05844071832446,3.04914499649423,4.50947871387038
"115","sUWuYhsHJAN",2.92859409087767,2.81627591777347,2.8847149346625,2.60100220047466,3.01002566111491,3.08086175495786,4.45742488011912
"116","iAfdneoPXNt",3.37231509246607,3.38950312502771,3.38279666390178,1.75546152133144,3.33671788465802,2.32662459583766,4.86235925580689
"117","emelthkrGtC",3.24994648598828,3.14613354169541,3.21081099453465,2.31832037407745,3.31648414118378,3.00500538364136,4.77450275398343
"118","guVSyUGPEgP",2.71179176378935,2.65095687534662,2.68794377882108,2.57052313008386,2.75639946858984,2.81644504746628,4.22752765643686
"119","SUVCmnFbAQV",1.37885352788241,1.38207750631316,1.37565975852968,3.3590648309953,1.40386856609995,2.5832115610829,2.88458025504368
"120","sHBbeeKRFRu",2.07954869987922,1.99197433246165,2.04230548149248,3.16536232813453,2.16165556747453,3.02087396195054,3.60648856723695
"121","sReUmEOtcOT",2.97967601979188,2.8747059533055,2.93898529957998,2.53288901352982,3.05382842165603,3.0357332162769,4.50615295347801
"122","WHGNdBQdnGw",2.87032807011762,2.73893174709016,2.81846930393083,2.72004302129914,2.96882453059501,3.19133225491958,4.40483072342622
"123","UuFfVBxFDEj",2.66400839536826,2.59773190978973,2.63775925239052,2.62870246375421,2.71425220945701,2.85076146226253,4.1815462647642
"124","mmamtRXTqWl",2.09547454681987,2.0498645365068,2.07533254617786,2.9907670458566,2.14281402134925,2.78799294715406,3.61060198385439
"125","mtunsIiTvRU",2.29202295130147,2.32264050035122,2.30361821256281,2.54331808527682,2.27207327620603,2.34986930094615,3.78470252021188
"126","qnVDiMKuvlz",3.04543739612049,3.02483676431309,3.03926422716388,2.15563500787222,3.04885753338254,2.56448589496366,4.54796596330568
"127","LgStnyhvNSy",2.09533218938221,2.05173985577663,2.07600878069187,2.983078280289,2.14102242263602,2.77687765927823,3.60989704381191
"128","UqyCwKyCYvx",2.67545892570415,2.75170880075659,2.70712054928614,2.06885875985806,2.60867172188349,2.06365301470694,4.15312948421635
"129","ospfWJfrkKj",3.16589258286394,3.06165520367265,3.12624720115755,2.38530065433537,3.23485131061392,3.01491784346566,4.69106420739128
"130","byGMcOiumRN",2.14837931053534,2.05799971372864,2.11027362070356,3.12270035418617,2.23108616293202,3.03014541328692,3.6756956692784
"131","OsohdbXWvCx",2.0453226158871,2.10556695864269,2.06795537992696,2.62056767100292,2.00719003761467,2.20869111530707,3.53118730630326
"132","jrvyhsYvbQo",1.93189735016986,1.90266180598454,1.91774632746448,3.05462807622428,1.9698589456415,2.71241772229894,3.44341920739324
"133","pZGlRTSPDkM",2.42539172093931,2.32571363611904,2.38462342642566,2.94330751072735,2.50888209276464,3.05647619260984,3.95366722909359
"134","dzBGpdoaDar",2.3133858387623,2.33007483918306,2.31941199585846,2.58055305071223,2.30431857821857,2.42476518942573,3.80982859672948
"135","KUEvTaqPHib",-0.106487443903336,-0.225022472885689,-0.165079922553641,4.98436539975987,0.0549045530025607,3.38854958221385,1.44201947987796
"136","RINREymOByP",4.37064310436158,4.17527756609807,4.29883872957599,1.80104380631691,4.48453002187273,3.40899399389237,5.91414053811723
"137","lUXuagRJozk",2.95836435959941,2.86476397656662,2.92220406659536,2.50550564442547,3.02372914343721,2.97494564654733,4.48179234911645
"138","HTUiBjIXqMF",1.7265701194063,2.05617187170931,1.85728009234426,1.82713688740666,1.47565986015148,0.751814851068592,3.13910249512853
"139","rZfmhRKEaaB",0.517928962263653,1.10276207313548,0.747407139411524,1.78006922043336,0.0877635451485212,-0.546990759130155,1.86633369593949
"140","ebmRluNXCeq",2.50810757712145,2.29820658469825,2.42292169442629,3.30508006061277,2.67984517306859,3.65693859836404,4.06667324177667
"141","ZVDihyPMcfs",1.59203432478999,1.52408247763134,1.56079979549649,3.46848158762088,1.67009344411017,2.95656495296883,3.11637637855259
"142","rueKDFintxo",1.042342194959,1.00016741806727,1.01936534750495,3.79614423730811,1.11284592048588,2.86391266415038,2.56273534165276
"143","dgSgEgBEoDk",2.03743868670368,1.91064345850537,1.98410293297991,3.34970684827516,2.15271154782519,3.24098241348654,3.57557965199353
"144","kLnoxViNAib",2.69935979518251,2.50209529354029,2.62007234204139,3.10756248427711,2.85602865845719,3.57001645415547,4.25326631991525
"145","FZLXZvqmlHR",2.97337666010435,2.94413501814719,2.96340589080798,2.24505392822064,2.98565252577674,2.61863496627187,4.47874412235595
"146","AjnNiXbEenM",2.82677441615025,2.7617060298888,2.801669445167,2.49750574033023,2.87201359574083,2.82943646832426,4.34301283465238
"147","oyTrbOCkVgf",2.0294214314541,1.8102010588581,1.9385294690922,3.7132129904502,2.22060087904139,3.75145788019268,3.59341895095733
"148","ClSjrrfmBnx",1.93274419470828,1.93857237814792,1.93283221943971,2.91842923069265,1.94196291721649,2.51895413006032,3.43446971155848
"149","RBHSJpmskew",3.0582517778257,2.89739598011196,2.99518738400084,2.6878368804916,3.17624395871677,3.33688221911128,4.59987001056689
"150","KtYZgfpNTfI",2.22624532811824,2.10598672228567,2.17632167508301,3.17766968843378,2.33150640851639,3.18792322861192,3.7614449606007
"151","mfWbswEnSXB",2.75363221384192,2.56457959117825,2.67789669615054,3.03363020440251,2.90223565966039,3.51983654450076,4.3049248210702
"152","JGibvuBidHv",3.82882071653158,3.80302084279633,3.82368286787118,1.56676706529902,3.81717560976053,2.5225942056163,5.32817062693853
"153","TAhZYugKqkj",0.14479772551386,0.0369949506869016,0.0915716695496291,4.74754191040897,0.291199954926509,3.30672212799881,1.68882240618934
"154","JbPiQBVLcFZ",1.53171790766469,1.39235292354203,1.4712478678308,3.79141973428892,1.66976199993623,3.35586380141387,3.07635817512713
"155","OBjsarbcUnn",2.27969613967016,2.4154552937902,2.3339287056008,2.146470378856,2.17392519740155,1.77109121063788,3.74308841140781
"156","nmHAkyrdFCc",0.881068105308155,0.626287265067905,0.771126873008561,4.74335033445377,1.12970347720898,4.05102845507103,2.46178349239029
"157","kwQlFcMJAzE",1.50752283906044,1.76808598430355,1.60932385949768,2.26428618528896,1.31856798707713,1.15231589790493,2.94062860026364
"158","JkvdpBihWZR",2.77051435289541,2.60968531149195,2.70630522752853,2.91140718362284,2.89558238898872,3.36265401792344,4.31382590612904
"159","MRpbCbkAFXy",3.55028189942257,3.39050537154696,3.4896317451264,2.30118351061929,3.65525284185752,3.28660767126513,5.08869040336144
"160","dwvYSNidmna",3.25794269174224,3.20563951458909,3.23975194613695,2.11299097948088,3.28208956362236,2.72019278016635,4.76806790260595
"161","SjfLsRUynqn",3.06233413470414,2.94335357990354,3.01628721369842,2.5227926534217,3.14592406890277,3.1055595574559,4.59223482760983
"162","kbfQhWpZMbr",1.33039949414623,1.16185844388377,1.25727563697845,4.06069683873083,1.49730879918091,3.534913584219,2.88437697877553
"163","AMnOmOtgyZF",1.92193836441868,1.85400651928115,1.89203689737008,3.21195216699814,1.99184318073726,2.92673690163546,3.44432479734761
"164","aoDSQEVflFO",1.61073295897046,1.67869811741429,1.63475495030482,2.92855232786009,1.57699623229524,2.20525623498769,3.09701048149183
"165","SoNjJFnDycD",3.1563856119342,3.87463450913849,3.45062615174627,-0.786669850093746,2.55185022318423,-1.52049210700619,4.45193909264642
"166","CRgGUdsVyMi",3.75185057888753,3.69877935497437,3.73533161560645,1.73201881408195,3.76444309714667,2.67993760602659,5.25927081366602
"167","WyPltQqeWTm",3.25088357741338,3.19031785698864,3.22930994232995,2.15041767127541,3.28197273200936,2.76639914775451,4.76335777955795
"168","ItALEQFOlae",2.88791467637981,2.77381741395534,2.84314984710418,2.63950164735317,2.97180702461142,3.09433838206781,4.41748271824015
"169","HsTbeIRnFYD",1.97726928495962,1.8020313780956,1.90402446847245,3.58373728605607,2.13370754891158,3.51357883293034,3.52929323282814
"170","lEmwIjIleZV",3.22271287992764,3.10605455011735,3.17825287108785,2.38914498022882,3.30044444668511,3.07830486128055,4.75101712004343
"171","VNVGprekcVr",2.08231036632902,2.08795495240713,2.08292453074225,2.80287312922397,2.08799005176302,2.50649381551017,3.58320307841306
"172","obnqrxgpDQp",3.61196499209592,3.91075758071641,3.73773865807542,0.480612668010624,3.33978360783978,0.751900677847662,5.02195622864072
"173","wPljRKHsPum",1.86640375695226,1.6993617094901,1.79604115458482,3.63823751246665,2.01886327133344,3.4783628914756,3.41679437737969
"174","iaKTRWFvtZb",0.46331289726295,0.713330174930273,0.556638668074813,3.11677213614497,0.308754634278468,1.30454198333216,1.90553576674352
"175","GpjckOEwyQc",2.00911845852091,1.90773682306716,1.96598672084099,3.27348419916834,2.10427270527964,3.10336966938228,3.54033022962418
"176","mZvAJHLymTI",-1.01884263237535,-0.902342440814563,-0.985676481491766,4.78504791608553,-1.02747104080802,2.17444250265021,0.469424977495725
"177","xFezeaQxtzl",1.851254496556,1.69840375203099,1.78659262971182,3.59515667191181,1.99246308986164,3.40145810856204,3.39777182713499
"178","AKUqWUpuhuG",1.94626082712288,1.89680760116346,1.92395924228733,3.12161500946037,2.00042915461153,2.82263063271892,3.46334344888788
"179","VKJKtRTKyAd",1.18656231382994,0.970829182405232,1.09370110668699,4.35493248207153,1.39567648912642,3.8081493593677,2.7545681125107
"180","QeBQKoDWWtL",-0.187930963011281,-0.402853557265504,-0.285983257840088,5.42026664546306,0.0544246291586412,3.92749325921249,1.38797301369615
"181","sxzuAIDvLEL",2.38652695599707,2.4531283904354,2.41311098326795,2.33075759190686,2.33477038197569,2.14289412312087,3.86859963632275
"182","CxiRvmJfDNp",2.63235045437037,2.50368899408507,2.58064627279101,2.89446403888914,2.73447700918628,3.19768564841056,4.16749607966057
"183","JmSHhRxYcPi",4.11269405021497,3.94506267976556,4.0511136078954,1.89435366196677,4.21022586186333,3.27926750956782,5.64997160009962
"184","nmYVnNWvKEm",1.92393911325197,1.82797798794705,1.88266597522847,3.31874542604389,2.01675438590459,3.08114682827039,3.45414072758302
"185","GHYNhBxSNTp",3.12845107403563,3.11096124484965,3.12387426554146,2.07907906510857,3.12727529635048,2.53985098925159,4.62962028136719
"186","SREkgVTEVyb",1.11320867853459,1.24085714073897,1.15946357647853,3.08459591271013,1.04285586838094,1.9209012995469,2.58576082267931
"187","PQqNwynbDvi",2.34665123094319,2.52510146291761,2.41848499924215,1.92939815392946,2.20425884648641,1.52960539507444,3.79772651033854
"188","RQNPReBHljq",2.69671808017714,2.58974561034242,2.65407799783293,2.76058778196013,2.77949059812231,3.07226592282227,4.22542671382753
"189","ELiseJNGCDP",2.50105093228297,2.39070547006532,2.45625560976973,2.9257288155295,2.59141301754083,3.10849470330525,4.03185802600728
"190","QcMQxbvBJVL",2.54439548868721,2.34611266105045,2.46407224308625,3.23196093877561,2.70572108714112,3.5895920115882,4.09950235597102
"191","VWHHlVfTsIX",3.08147675962217,2.97806508860577,3.04182758413382,2.44772978553756,3.15184144962893,3.01796797911639,4.60691678503805
"192","logjeOxvQET",3.78126088435279,3.73607635578443,3.76806198428826,1.67867020126194,3.78666764196377,2.63379076224878,5.28630496508497
"193","GzywsmRgGee",2.71098781175382,2.5197427920574,2.63419092907706,3.07525480261559,2.86243906244528,3.53576969749734,4.26314470016879
"194","uKArVtTkXuL",0.499835865874207,0.548743323049872,0.511659033129404,3.86578068560236,0.509113090365657,2.41043489143147,1.99800155717853
"195","LNILLEmCXPS",3.50031697296624,3.45674442356986,3.48664421529449,1.89083178577559,3.51133349246353,2.65020760717244,5.00657155436017
"196","rLzvLQduWqf",0.199438265528567,-0.0534176300385534,0.0875410259006415,5.26577679537817,0.463310970966175,4.10181296024677,1.78364518079925
"197","dPsRcHtwTNW",2.22536159975344,2.43692969453642,2.31015388951152,1.89566437609288,2.05883307694791,1.35787589508662,3.66790584837366
"198","QdLwvowNwbG",1.78714150003723,1.92300406875478,1.83943788212349,2.52895976040558,1.69343595465701,1.81489013638223,3.25341634345459
"199","kzfKamxKltO",4.03736692471289,3.97665806131943,4.01889380351534,1.53959531463605,4.04917272944039,2.69634225779016,5.54523226089693
"200","ouMTUUdayPW",3.89212122202236,3.84531805910523,3.87871039777898,1.59874942561556,3.89611921132544,2.63273173971809,5.39696201039478
"201","SwzuQbSKrCp",2.61394094340354,2.59048752641078,2.60487661099572,2.50208792067415,2.63034185424876,2.61908905989927,4.11981667337835
"202","bIoQbJsNSyc",2.72172661212408,2.75588846733356,2.73648658976755,2.19558569773121,2.68827393704284,2.29161367841626,4.21087651222196
"203","SaicrVgkcuA",2.80155993357829,2.7603372998834,2.78603491879411,2.42492939121964,2.82788816303245,2.70019108262102,4.31128861001577
"204","OYGdxHPzVGn",1.81281623686749,1.68087502321691,1.75648913065646,3.54420998194686,1.93784524470635,3.28959809108789,3.35372191225278
"205","gyWFbpMAytk",2.38886549834238,2.35845808913201,2.37607395511362,2.70393213008626,2.41651473473356,2.67771726009026,3.89801349102917
"206","ZcTZqOTaklG",1.13393918662586,1.12601346425441,1.12523510010348,3.59254959432342,1.17412878556215,2.66676747895853,2.64422706891838
"207","YBQfhukKtba",1.73783946014444,1.63092041573031,1.69137007523124,3.50576903672625,1.84422138487734,3.15834698755576,3.27220102698524
"208","ZFCMaikNAuU",3.02871914497276,3.11650459999974,3.06648288262882,1.74965930051905,2.94376866720646,1.96820906428161,4.50108037042893
"209","UijRZzoFyQl",1.57830099682873,1.56037191624084,1.56732023188191,3.28579179803907,1.61572340343511,2.68191101274822,3.08875567088216
"210","lWgHoETjGQo",1.7682788452727,1.72792358166909,1.74895617328902,3.22480133178116,1.81938507492951,2.78848516002007,3.2838729525669
"211","JMXvJzzHvFG",1.42422200168074,1.42608199080157,1.42065666774429,3.32907005047469,1.44923520519284,2.58664759511291,2.93006144535916
"212","HiVYWBTnfOb",1.73831753405616,1.6636414598337,1.70494050629011,3.38076063169828,1.81827626820216,2.98047396429611,3.26367261981975
"213","AWiwTCbmGBZ",2.17252448807292,2.1030920458986,2.14302017786316,3.02295876582067,2.23747715703418,2.9124403772726,3.69384875991269
"214","GveqTTEzoiH",2.26510050309933,2.08475501094521,2.19093801117209,3.37973426445343,2.41862249128906,3.5158209293497,3.8168493669616
"215","TrkSOhTKxBe",3.26870351060718,3.14872178737341,3.22307893047067,2.36624073588646,3.34802291525066,3.09249157149598,4.79766394151938
"216","giHiHEOKNCV",2.69650952593144,2.64096571946567,2.67474831034644,2.56194989788792,2.73716008681384,2.78863971597751,4.21085824784508
"217","EIYedapWeFW",2.24175336855328,2.35001714207601,2.28467060441934,2.28225006321227,2.1594408540043,1.92615462555183,3.7130478362842
"218","wjoSUDLnvtR",1.7496644891205,1.69502397661256,1.72446734067203,3.29449159484186,1.81293145954298,2.86894950835297,3.269357694043
"219","OwcdcoAjRZV",1.86307165557102,1.88286708163356,1.86855047554518,2.91859837469793,1.862567947762,2.44819656244746,3.36130873264013
"220","ekuagMkLvMY",2.47847364740297,2.35678475363027,2.42898229153586,2.98712793728696,2.57868447877385,3.17309099895005,4.01258177852249
"221","GbpJPzXFwNA",2.79901565108026,3.09276715344629,2.91947774847989,1.13204835156263,2.55101705946534,0.852934251227237,4.21521985666246
"222","vxjuoBzTDaJ",2.8158919765269,2.69757436441466,2.76912445919529,2.71180272170893,2.9050179900331,3.12410271663235,4.34706424581731
"223","TDlFwgYBuLn",2.21380852728623,2.12676626469501,2.17732054657984,3.05893808717489,2.29216766967796,3.00584512282688,3.73980620888255
"224","EkoUilnExen",2.57757552169996,2.53056189268445,2.55879984704942,2.62142986084924,2.61417251025409,2.75230671483173,4.09024525196425
"225","tozbviuBtxe",1.10020082857356,1.05512457115853,1.07627836731658,3.76238343296027,1.17165403333078,2.87470332524107,2.62106219864752
"226","dvdoQRwqnEo",1.89484855423999,1.82731290963135,1.86499914550948,3.23147899674881,1.96509706696825,2.92699198141506,3.41728447617657
"227","VGaTTXUkVWJ",2.40218107871677,2.35930197736515,2.3843795864941,2.74179114912571,2.43971787236662,2.74530303509496,3.91473300902507
"228","AFdkXlTuwOy",2.46823708820364,3.02751282981393,2.69517185378351,0.362783380904891,2.01089735916312,-0.581717585328184,3.8122504538914
"229","FHHnlzmqqVi",3.17260830637833,3.06676376070857,3.13233739678859,2.38629274264504,3.24271786272041,3.02317691201354,4.69818902638044
"230","IEDHXaRLvgD",3.27859372060945,3.16212768190524,3.23443620611925,2.34496249539221,3.35478933222721,3.07221057390449,4.80651395758201
"231","hQvxVlIsDwF",2.70056784389671,2.56824732856551,2.64765208040063,2.85557925929507,2.80400891003028,3.21172145138424,4.23633201094335
"232","MBkweGKnvEW",3.20511917060186,3.10868818577662,3.16880067402059,2.32463172623164,3.26671577171435,2.96832963437965,4.72787904141797
"233","FvvIhZbqdiv",2.04057900428932,1.95849024632129,2.00540639998028,3.17445067170086,2.11915369452283,2.99412951587334,3.56621739488428
"234","FIWZttdiraM",3.4055530309896,3.2543424589927,3.34779934759408,2.38057690157226,3.50707738932584,3.25240094067026,4.94242502366929
"235","XdAvLFdgwOB",2.65719819675094,2.62698766999222,2.64556424881141,2.49458167496897,2.67806705396169,2.65246000077693,4.16470511889552
"236","kZKIxloCpPS",3.85198536410655,3.73610486551016,3.81036839751735,1.8969709876887,3.91355718138734,3.01733005781519,5.37635282212881
"237","GmdpFdIWuLl",1.7717309107737,1.7711289106315,1.76856167035109,3.06844967897853,1.79018863255093,2.56892264830607,3.27620375381329
"238","fPdSHqYrGBd",2.37060310994466,2.2851348873922,2.33538388865142,2.93096872114318,2.44380516303549,2.98303975931575,3.89523445057975
"239","LuEwtcUYsmO",1.76315301731359,1.74832470589689,1.75417353658421,3.13011023508102,1.79347562711603,2.64815785347856,3.27164917530559
"240","mJWcEzUgqFj",3.62024982258005,3.44584778980402,3.55394280912276,2.30332929368665,3.73547511567565,3.3609691508689,5.16232883608578
"241","wqCLqXnjyiw",2.20056170116561,2.11997738726609,2.16664240467664,3.04427204013255,2.27395766779518,2.97142081055795,3.72483434037638
"242","WcCrEGWWhMM",1.81034159988213,1.88467021244799,1.83774876908592,2.74878758481348,1.76646848226027,2.15217908316733,3.29366229606291
"243","TSuVYRxwmjl",1.99090499962819,1.9816767717297,1.98511380090831,2.93141900978273,2.01102229651345,2.59675577644201,3.49649114496825
"244","efVkJvlvxmV",2.61587403097429,2.56211479895197,2.59451349744016,2.61773383289746,2.65705186026663,2.78606087570897,4.13020105093971
"245","YMrRpuMDYpV",2.17757939484366,2.11387234488363,2.15041985802739,2.99689753309341,2.23771749329046,2.88040772178636,3.69727500625819
"246","PnvkLczwyEG",5.74152903825716,5.58367568823364,5.69046004194356,0.590375461433503,5.79087197530902,3.07861335341776,7.2664482264432
"247","SFlmJCqhqGV",2.2428290116714,2.1706247158213,2.21248169978417,2.97902202485394,2.30831796836956,2.92139498124151,3.76451174275252
"248","KrdetuwkTRd",2.94738361224529,2.74502673033001,2.86702478461702,2.93444511455695,3.10210569513054,3.57576053824797,4.50124610530533
"249","wsJiKqVOUWY",2.54845861479612,2.45755927265724,2.51174868712408,2.81370635675866,2.62172224039509,2.99697285245399,4.07355527373963
"250","cnvNTkFJXoi",3.76833792700095,3.72172631357178,3.75450773928778,1.69423237510771,3.77523243955424,2.64282567601704,5.27385689911302
"251","PHAVZdCMoBf",2.47747008096044,2.51379429419998,2.4921269929875,2.37710069785894,2.44827134514358,2.30169021684365,3.96745993568024
"252","jwaqhzQUaaI",3.14832345387924,2.95265014564841,3.07148511688155,2.75240812003174,3.29261408672381,3.5207979135051,4.69913186052205
"253","TbgloApGinZ",3.8544946548677,3.84153003462296,3.85467094620867,1.49719403835433,3.83170240920323,2.44949110400612,5.35010864152794
"254","VHKUuXVbGZd",1.84327177282362,1.9527906330177,1.88509820697727,2.58715957833669,1.76976072852471,1.95512762986474,3.31657115679171
"255","JRMnoWLfueJ",2.89205516491118,2.78949616023131,2.85199142236407,2.59168132598139,2.9663939680358,3.030328345089,4.41837674370895
"256","YVKltfGUpLT",2.78979486622171,2.67533295268733,2.74448792784078,2.7171850143159,2.87640628713591,3.10518817177028,4.32004471276013
"257","prlvCNaHuMb",1.44103027151832,1.32963933890245,1.39155330102506,3.75378103786059,1.55839683394784,3.20974738685684,2.97839500067762
"258","lknOAttGpTl",1.33893311079113,1.27013643010155,1.30633909407364,3.66849647955737,1.42392764661354,2.98402381189191,2.86500713949227
"259","mpEekORPIxI",2.06627256453287,1.97373382809941,2.02696052562031,3.19487259045558,2.15277341809366,3.04944990671883,3.59467717617104
"260","lrSwKyWdyqT",1.45066736570641,1.37454883652315,1.41554946656981,3.60994241337607,1.53890328740757,3.01434105785789,2.97812552459421
"261","vDjbJERygEu",1.65488424575115,1.64843208049626,1.64887060334202,3.18189495619384,1.6810163709213,2.61171365910358,3.16168138309847
"262","hJKvCErKYOl",3.72606747541633,3.66482349196053,3.70612687606576,1.78365360337246,3.74599060586127,2.7273354442648,5.23592230585551
"263","dZzRuMEgrky",2.13288169771139,2.0985155646699,2.11745487088029,2.91822470589831,2.17008815848568,2.72260985084407,3.64464823917791
"264","CUTGAEcAbJi",3.17200624131058,3.11999068643606,3.15358713547827,2.17868217299868,3.19803735143141,2.72634760404529,4.68255909860945
"265","IDuOkXJhMti",1.41596646362793,1.42497625917204,1.41527074939128,3.3078495977714,1.43532664261222,2.54795785845669,2.91985816472701
"266","mVXJgcFbLSF",2.351197212572,2.27601862691158,2.3200775803902,2.90627887301478,2.41644934286221,2.92803730961197,3.87306994072925
"267","swGWTVwbPmZ",3.52698678963143,3.42703401562507,3.49053113559063,2.088040412802,3.58352853728939,2.95875957779004,5.04882756608936
"268","uyMRdOBgXkL",2.62263064213758,2.51875188227179,2.58094904031941,2.80622103400317,2.704696543234,3.06187694647803,4.15091330060855
"269","kZzVQfmhzFO",3.3315127165671,3.3069872203225,3.32489499724401,1.94842507461712,3.33109108176617,2.56036309102657,4.83344631103705
"270","ttbghnWUNHj",4.00614448592246,3.91537777556321,3.97534267971655,1.68005626290369,4.04334195439846,2.86493310060731,5.5225878480726
"271","QOxaumvjUPW",2.77893025645742,2.70551011992575,2.7502423799881,2.56698166907465,2.83219085791469,2.87980875429542,4.29778365377466
"272","vOodFpWUJYr",2.1621987577898,2.09669654077172,2.13424862394474,3.01579303284087,2.22418674568041,2.89169411040217,3.68248657246147
"273","TTxkTIGsbjw",2.54651632907191,2.43022496483755,2.49948960433902,2.9133702984242,2.64062740126984,3.1371926729979,4.07871503793547
"274","HWTwYjSiQND",1.80152343173984,1.75147454586561,1.77839872686604,3.2364297011821,1.85975000048093,2.83895381645097,3.31962791867637
"275","HbmERcAuSvQ",1.33174054538425,1.31004239654121,1.31823934128181,3.49202597630936,1.37833237177377,2.72490873964111,2.84470510740544
"276","jMtCaLMWqzk",1.90532799638995,1.91831878746257,1.90821388609209,2.9120539030465,1.90935585464016,2.48191978177637,3.40521545307223
"277","qVuWMqFDpzV",1.25402810904661,1.11310041711233,1.19180837822509,4.01332362968243,1.40020219464341,3.38949689721636,2.80074615459897
"278","IuwmKdScByW",2.45967528130187,2.37764019039032,2.42620761573754,2.84845720799436,2.52786793985757,2.95608136062734,3.98282144239432
"279","UEoUZcaHsrH",2.78211542020137,2.786896276764,2.7851894326712,2.26221592079233,2.77124015421523,2.44821915826106,4.27911283397433
"280","XHhgaOLxZbk",3.14178926547003,3.11319049466012,3.13275586667783,2.11165272882433,3.14938420842925,2.59991873663897,4.64598173689709
"281","DIGgoNzrkhz",3.66714267205428,3.65033672270689,3.66500697643619,1.65768162660039,3.65211851085629,2.4875538769093,5.16493674874609
"282","uzuGEYJluHb",3.315615649436,3.20868579390524,3.27547844890305,2.27932078395897,3.38308658455124,3.01628063978018,4.84065413114741
"283","sHfVGBLOYSR",2.59046540118348,2.4634336252943,2.53925464458525,2.92072391245882,2.69229022273838,3.19247043746165,4.125403525994
"284","ONTllgUSgeF",3.21268918693997,3.13847947347914,3.18542278491912,2.23284973922823,3.25589679726855,2.84509053972579,4.72919915583135
"285","XYpREYUQFhF",1.85328043666233,1.82166609022442,1.83784789893608,3.1249365951302,1.89512988144298,2.73261935920876,3.36593125813589
"286","yZdFNeNcRmV",2.48114859523122,2.41933413658507,2.45597661532758,2.7536010101106,2.5322480997113,2.84262400159036,3.99852133957939
"287","qHcTuHilush",3.21955182326435,3.20517610558995,3.21660519744945,1.9962238174497,3.2135779321046,2.5144693511392,4.7193129447475
"288","TWuvWZcpeYI",2.04707072985758,1.99113167829914,2.02254080873274,3.06832134083114,2.10406510306745,2.84932101862776,3.56536860039018
"289","JhdmylhlMfA",1.78253018953638,1.68689601022854,1.74082187111698,3.4274063401291,1.87856585796846,3.09208172638537,3.31347636257536
"290","HYLwFGvmAjm",3.10939674417741,3.01997252376642,3.07553851370008,2.3719569123211,3.1676150840202,2.93830783016858,4.63076582554934
"291","uUGPEPHKOUd",3.0316809835298,3.04716178360757,3.04010139459229,2.02685407182635,3.00588483531816,2.36672480922815,4.52421534119744
"292","VMJqxHnpLuW",2.07851172271169,1.99818153697398,2.04420543053527,3.13816568879047,2.15471019546523,2.98101346906379,3.60343482545402
"293","AYTYMtfycYY",2.32653998034196,2.33304455576876,2.32848415573549,2.60969602216351,2.3254906750692,2.47975052070004,3.82574892460764
"294","QFShDVQCxfn",2.55402674657329,2.52847603776891,2.54387030333169,2.55676962260424,2.57362356134471,2.63605334013485,4.06084228049763
"295","QAkZepqRluc",2.25300879794773,2.21955955221612,2.23843666895116,2.8212991962258,2.28650096360124,2.70673189237611,3.76380924283892
"296","GjXYepXXBqx",2.77636165938639,2.86145624436826,2.81201941766535,1.95623199658299,2.6998404082917,2.00578239084181,4.25096595824186
"297","oOnFCmrxoOb",2.46399710687933,2.4341303397428,2.45172680005982,2.6434384233892,2.48935017215442,2.66796760143672,3.97255003182268
"298","yasVApOiRoJ",2.59143229587191,2.69671928361796,2.63454533630231,2.02193279118785,2.50293245927016,1.91107346572693,4.06149108999218
"299","ExqHPWTdHjc",2.513155786208,2.53218482873852,2.52093428977698,2.41621561064843,2.49724387980775,2.39386386944079,4.00776427793591
"300","YXOrYNxqtvr",3.61354027991404,3.73318600987992,3.6665878077816,1.17188902461599,3.48806578981863,1.73980913960815,5.07354788631548
"301","OydmqjPmGky",1.55612108931124,1.67299410512329,1.59978002503608,2.78194935679627,1.4836692856353,1.9404337003582,3.02906419346926
"302","rpUkaJgngzu",1.96676394109397,1.94736183085715,1.95674525809228,2.98951278717079,1.99581053793511,2.65504251085937,3.47533377759108
"303","hABNcWHwqip",3.49519364577079,3.52860008364331,3.51275328250366,1.59724839613045,3.44328023751858,2.22610617973496,4.97998259218705
"304","inAYQCPWFiQ",2.40120616035929,2.66947593361932,2.50972518122306,1.53978786774519,2.18389356477884,1.02930852525069,3.82687740418792
"305","DMJARNswKEp",3.0324557110022,3.12393890823421,3.07173571463246,1.73246086467105,2.94438410531347,1.94747828211174,4.50376227768805
"306","QOGpwtjjTra",3.55078107089618,3.63719819228673,3.59008594891611,1.34912192912936,3.45407346580696,1.92872854408292,5.02043853057588
"307","xpHrdpPVqOT",3.12502125260296,3.09112199688942,3.11376854853391,2.14517668714554,3.13737164236269,2.63066301263664,4.63079296684577
"308","oSWjUWOkQVj",0.432253951050462,0.541226719045761,0.468191827009827,3.68613034615129,0.393996558822259,2.08524388908213,1.91404623717826
"309","ElxynDDivbX",1.97893201256824,2.0935210425545,2.02336173365093,2.46210461049266,1.8979214031428,1.9149438090719,3.45001370574555
"310","cbbdqzdUNdQ",3.07183499595893,3.13444927194852,3.09955255729263,1.81344345657451,3.00643959110412,2.10315203305413,4.55097026733597
"311","QpTFAYcxHRt",4.62982997457707,4.63602300761565,4.64089800605074,0.820429472920722,4.57221938433474,2.27398856354663,6.11551135924045
"312","pwjdYAFgnQW",2.56871478031284,2.57813793677866,2.57281648915867,2.41015864575371,2.5593009036823,2.44183855318635,4.06567725326502
"313","CIgZhVhiBdS",2.24292986452042,2.22724235426644,2.23552840669546,2.76047523763113,2.26212136459323,2.60967833439239,3.74883002749969
"314","tZlMHRPwxvO",2.48538514162917,2.49670564583237,2.48992249768856,2.46760095249798,2.47647261455143,2.43888042159161,3.98231034622995
"315","cUUrBpvMCcW",4.6803771139347,4.65888037417395,4.68040628143704,0.888172636928527,4.6442013574427,2.42215294634724,6.17349192092849
"316","onznQZSWfvF",2.97306096551054,3.0214307661276,2.99459867151424,1.94528852113081,2.92177024369774,2.19061228088257,4.45675776593263
"317","qNhmUDyYlnK",3.06739773688435,3.32283042788389,3.17338050560736,1.07154379637317,2.84416716314858,1.04009851342723,4.49271585551276
"318","KqLsoyXiQPU",2.38150082718086,2.30157911530572,2.34857722009332,2.90105703380591,2.44989071045819,2.95146737088293,3.90451892261488
"319","VHrgKUcnuHJ",2.95422103493381,3.11970767125528,3.02323175409605,1.50721297375413,2.80746035855277,1.54637378914044,4.40532502566246
"320","rlfKbVvWSjV",2.39104082195989,2.50114921842254,2.43530652244604,2.15907043994391,2.30353475610107,1.90253315531205,3.86093776410196
"321","OIICScAuFRv",1.80306896580773,1.85763703337205,1.82242427375145,2.83082634296388,1.77556183220281,2.26181972226841,3.29195066309585
"322","mIWZxyjjmlb",2.79647167267725,2.82479062495172,2.80915965635623,2.16006837982578,2.76596135715925,2.31710606613077,4.28681135637946
"323","PdSbvrESSGA",2.33192055624342,2.52606762373657,2.4100679776456,1.88017221470354,2.1770336883618,1.44435942790532,3.77869966065967
"324","EtjqbuHmGjh",3.01870979509121,2.87978890985631,2.96439202748309,2.63378451107921,3.11970968901598,3.21946632807694,4.55443656501699
"325","IklzzoYvsfy",2.38373450195922,2.51531098865688,2.43668676486088,2.08176408531269,2.27882336607238,1.78478814705362,3.8476797962595
"326","mzVXGKBmTNt",3.04559801463457,3.03543619060713,3.04366357911529,2.11515843031081,3.04046338009255,2.50689817119847,4.54521065821893
"327","MCXsjBDxGBR",1.69773632611976,1.625141753002,1.66504139442115,3.40426043692822,1.77699106474728,2.97264939408817,3.22275003738811
"328","ipbvpDOIpCz",3.84378243709329,3.88111122621217,3.86433450521078,1.31110959490583,3.78005726195826,2.17307234362562,5.32541561114307
"329","hfZpqjBwMWZ",3.90146106962637,3.91398517589875,3.91217424270438,1.36215661101757,3.85663152906422,2.30468215809546,5.38967986835043
"330","fIlhFwdkSYk",3.01277308280286,3.37615880495094,3.16236470282742,0.696708766692143,2.70246168323597,0.449624725125123,4.40826884949493
"331","GQaCVPMgmHg",2.7014986068092,2.63097662188793,2.67367638460898,2.61597049650668,2.75429527387939,2.87079958917501,4.22000040479795
"332","WFjKtEaktaQ",3.74030936282909,3.64523335776609,3.70669037920397,1.9033619487568,3.78759422894537,2.91264660468359,5.25952739891284
"333","dxEiNvJmSXL",1.84302092745293,1.9086631191107,1.86703271083833,2.75696197431813,1.80545705693587,2.19714363088311,3.3285740895605
"334","UTJbXAbPwHD",1.98281574356892,2.17321018502993,2.05803756850937,2.1660560659112,1.83961434340493,1.49650366010482,3.43270627576721
"335","OYkVtWfggCD",3.19168332455464,3.41015478503382,3.2831592215996,1.11780538175737,2.995663229558,1.23275550013843,4.62658800239249
"336","oYezPprIGhi",3.52431259850715,3.48107238942197,3.51087113869564,1.87089402155575,3.53446497301215,2.64621312315506,5.03033253972046
"337","BAXqwLGcPxh",2.065935537151,2.15438798281885,2.10010339275837,2.49550434544801,2.00418819884371,2.05125788799466,3.54380144346403
"338","trxDSsUmrsi",2.42712299981608,2.45695757373969,2.4389429592593,2.44132420103425,2.40448210348541,2.34201784765842,3.91922264464368
"339","fHJXqBHyYpl",3.89518672202486,3.97975416666692,3.93512382534955,1.08854696260382,3.79149861731272,1.90790604554604,5.36332493958431
"340","JpiLcwIOwHy",2.81578093347345,2.79941420414842,2.81040436848754,2.31779293575031,2.8213979844107,2.56182205148113,4.31848468917655
"341","TQvHpAdoumg",1.4640735638935,1.50115088040552,1.47496628639925,3.16195699879916,1.45925592510831,2.38882331025136,2.95984322174114
"342","RLRvTwznMAX",1.56270922621604,1.66069258781258,1.5987255435292,2.84984692357647,1.50556811700216,2.04402252994176,3.04088821060836
"343","iCMaAoBfMMy",2.4687926487224,2.5017909235862,2.48206440150108,2.39670270815492,2.44253236167293,2.32081545873824,3.95976254328259
"344","SGAfvueRCjW",2.51011453920829,2.52763076928647,2.51726663663603,2.4244275852917,2.49551685294898,2.40248145359255,4.00516345126016
"345","eJsHdnlLzJk",3.2745715475128,3.23970821338619,3.26352804910888,2.03264991503471,3.28402261244963,2.62250872278343,4.77972849546807
"346","RIiSHbdAznn",2.7515707998751,2.84216905690046,2.78936344975067,1.95422854865691,2.67115281878688,1.9776610953563,4.22478476817427
"347","IIogfrirxNr",2.00353369298906,2.06319695766671,2.02576271283251,2.65529862742208,1.96690792666344,2.21566028412659,3.48980765681251
"348","fejkbTPvVxW",2.92437255609952,3.0753590657705,2.98737644198849,1.58646674322943,2.79022575280143,1.62903522376426,4.37970205173936
"349","kzWRHgnZDfH",2.93003733791804,2.97493592042004,2.94999296283335,1.99215125687843,2.88265130471708,2.21363268849548,4.41495776418202
"350","zYMRbQYoZiI",4.29179584084055,4.32938010331975,4.31425091505005,0.961857205741853,4.2168100129307,2.13130631130654,5.77070950545755
"351","qwsxbjNnblD",1.12100966369236,1.27872674211035,1.17950355499994,2.96230008732599,1.0258341177732,1.75436086398439,2.58511921689136
"352","vLsErgXronv",1.34431395547851,1.4810291034959,1.39517802082669,2.86989767156381,1.26083349401021,1.85007777353533,2.81296823811413
"353","kIDWkheTqts",3.07113047752816,3.07733467652982,3.07594308339675,2.03204701810181,3.05196001131021,2.41433452706291,4.56602208748807
"354","vKBWqwcsPxR",1.5591105454572,1.79269529967403,1.65016569738224,2.32847057982383,1.39098214014051,1.29646305587588,2.99944492921007
"355","BbUBjPSXzXD",3.10461942434026,3.29179325676596,3.18303902602962,1.30646732682284,2.93638401424773,1.4132143144515,4.54877840378812
"356","qVnAlGPLClN",1.99934531256428,1.92312731162545,1.96639059722603,3.18381013413668,2.07412818414684,2.96546480232966,3.52358805854783
"357","apmroCYABZx",1.30352972161301,1.47621523872607,1.36883372863175,2.76255622904649,1.19159065992844,1.65536389779978,2.76238056755382
"358","dCiawJjBmoJ",1.6896666188082,1.85088615654819,1.7518662931495,2.50671361343976,1.57759471628,1.68381913618535,3.14943684728532
"359","ACsMxKxdwMM",3.8493756051353,3.88967816229704,3.87115746678246,1.29526648015363,3.78307653803695,2.15616726041233,5.3301453116186
"360","YNRSdPqZPSl",2.63518656897605,2.69724510157943,2.66092485989479,2.15502194824541,2.58101743313723,2.14555039113369,4.11705802094789
"361","ZLYUCDLBUOM",2.45096331117158,2.14389739696859,2.32609959984624,3.7250971031986,2.70370186095008,4.19798076194973,4.03699947000752
"362","OJJhKzWgCoS",2.70147408522883,2.73111712884011,2.71431811759233,2.22879675941664,2.67222251408022,2.31836066903327,4.19200554725317
"363","IvKpelHRdcy",2.08167174394048,2.07266946625245,2.07633681170032,2.85998773031234,2.09936496511998,2.58733332880536,3.58665827935499
"364","oTvVGxQtFbz",1.92621427611447,1.81155649524323,1.87735955436396,3.38924965315631,2.03428854139491,3.18405972299466,3.461623370601
"365","OVrkzMfCGgF",1.99229811263987,1.98964520526652,1.98918204642002,2.90491884641189,2.00699495902172,2.56036535744467,3.49603990475203
"366","YOOapGcSQsm",2.95273730161094,3.02324309113545,2.98318045306184,1.87551945112972,2.88381551526126,2.07035620623484,4.43037289194891
"367","OTPYJsmAIZv",0.645783659660551,2.92865420765537,1.56516752465306,-4.88316555421346,-1.17846026747761,-9.92370983569825,1.51926592804018
"368","QqBWhdSXHyc",2.27484382318898,2.35250571853608,2.30546979062678,2.37482012965232,2.21678216788829,2.09195266767298,3.75448808615076
"369","fmRpZNiIpVc",1.54184490835831,1.59472530796463,1.55946592106293,3.04041357427069,1.52216395830569,2.29465877907607,3.0327419504755
"370","XvaqaNugIcB",2.31222076227375,2.35127906049084,2.32732403032785,2.49498911641542,2.28485873026077,2.30149653977427,3.80242391523519
"371","PhJiYDWplrB",2.38280928114623,2.53191685798566,2.44287533731853,2.01471602580047,2.26356061021673,1.68818210364701,3.8418645930201
"372","tXXleCWNKhp",2.71260491694244,2.78959014763004,2.74471427373614,2.03714063578977,2.64429905644544,2.05625119239297,4.18985056495231
"373","KlUdgSbxBje",1.75306048779623,1.74933914694627,1.7485498321684,3.09502116351895,1.77453392904866,2.58780860807147,3.25851474726044
"374","zHWNvjxTfFE",3.21832290650908,3.23480966937481,3.22790131246371,1.87787869783026,3.1870987416399,2.34436392111481,4.70947313021544
"375","wMyYJblicXl",2.2709018373951,2.42867358835975,2.33403605595076,2.06821589580867,2.14731650464475,1.6504771172711,3.72819920643956
"376","UzwRZHYuchy",2.93591590510655,2.96807250213468,2.95072197558207,2.03683629714272,2.89882228909603,2.28337914052787,4.4243597063447
"377","jaHVIfyzJtR",3.49124947674706,3.38096971793366,3.45045760760634,2.155740405625,3.55713198718079,3.01893530952325,5.01618524180102
"378","llZOMyPCWSx",2.71044434582842,2.68424118528017,2.70065120673312,2.43769991847555,2.72671717150685,2.62556172644654,4.21651750152895
"379","OVxLoVIrPZv",3.97724061634484,3.88807345933134,3.94697213638871,1.69634163935282,4.01384081923831,2.8587147275673,5.49340816123101
"380","meHPcpnEeXw",3.33551880626235,3.45248378912665,3.38636139437542,1.3983725841596,3.21909831802404,1.77963844534407,4.79791835699492
"381","GMbUPyHOJIT",3.54612317968954,3.5881201457109,3.56737505548299,1.52445103301428,3.48591664929681,2.17413902956642,5.02821223261537
"382","ExEDJpMWbpW",3.60705938841201,3.69405433775136,3.64682488256694,1.30314015278062,3.50849021606339,1.92047209702569,5.07622283665471
"383","djbLPHbeEAZ",1.89554195110826,1.92562560241686,1.90532812924513,2.8535878366317,1.88580981915585,2.38852889439328,3.39071417402361
"384","HIsQQJLKMKX",2.28933520238884,2.68789187945302,2.45030057294721,1.12312078691308,1.96805941303668,0.320813261153449,3.67928587301189
"385","JKlurotdpNM",2.08900735982324,2.03335495012526,2.06476223690948,3.03461372133431,2.14473246100597,2.84396245121989,3.60697730340463
"386","YEsdIHAxZXv",1.95410836193258,2.09390372791429,2.00867199691374,2.38396504521052,1.85306265779748,1.77815917860247,3.41829806814257
"387","eckfUlnhINk",1.73495993783735,1.95033948349926,1.81933012913768,2.26214653765939,1.57740631495898,1.38102991317436,3.17933858526719
"388","pKqbSYLJskD",1.08244637651359,1.30295962183323,1.16628022934985,2.74953575515359,0.936783451708807,1.41149434920986,2.5292484227246
"389","qBTBQEkZAis",2.50534386358349,2.45784209478381,2.48607991472678,2.67946633040896,2.54412248208429,2.76150557976919,4.01857685927686
"390","DfuqcvvSXId",1.82594795379558,2.1209113281727,1.94299408508864,1.88378150524837,1.60095985246561,0.933904275662945,3.24756547379294
"391","FeptQQQMNLM",1.94625766770965,2.03816455397671,1.98134736048532,2.57518306287669,1.88463282833117,2.04298615362935,3.4238663482426
"392","NdrGGDUmlRB",2.30290694297065,2.330779986812,2.31343166454608,2.54546639350248,2.28493691138241,2.36402566722732,3.7962885640588
"393","DEiNZBaFJAd",2.6547464344113,2.72855511682706,2.68533376527728,2.09439623919419,2.59046982693226,2.07898272738151,4.13322111108013
"394","KJzSCCiqfsf",2.70574363564043,2.67255448517658,2.69309535115075,2.46835871705026,2.72785489642027,2.66451506235063,4.21379537245495
"395","qKkzINvBHAJ",2.4642485454736,2.50086146324989,2.47896957010595,2.38626250497095,2.43513946385387,2.30128891702135,3.95423593258904
"396","PmpsNIWfeia",2.83491200493105,2.85509083548174,2.84444953373769,2.16165268532453,2.81012133307931,2.35853865386991,4.32729755098286
"397","BXbCjNCayju",2.68283903649111,2.83271527060835,2.74442212471973,1.77851552504781,2.55555973650002,1.65691606044286,4.13990625447439
"398","ibgHfvVhmDT",3.22008962773756,3.27867097602584,3.24676525822778,1.71378665937309,3.15434066571135,2.1120401099489,4.69947474906388
"399","CaSqvFFwhVa",3.3311129117333,3.17219751182482,3.26993215598367,2.46822658604928,3.44078483083717,3.30160101191189,4.87057644056496
"400","haWeQzLWyvd",3.68483532804625,3.73259218674721,3.70898277069442,1.39435749550783,3.6164889721961,2.12987625788502,5.16449604964085
"401","RSfPwvxcTEY",1.86343820772088,1.8200063573105,1.84324863495015,3.16272155244902,1.9147172356374,2.79688153927368,3.3793289542588
"402","KSdnICMJIeM",2.26645027615574,2.36597285678972,2.30591783059976,2.29684133959355,2.19068878105062,1.97214031355147,3.74003968798088
"403","eoZHeNoTXdz",2.03910867837539,2.15454990870015,2.08412606532812,2.41203183911645,1.95591559058502,1.90482295042386,3.50959670046536
"404","DoRmnFUbMOv",1.63777965179704,1.69879494688992,1.65908866697511,2.9343925185509,1.60906863753602,2.24115051775139,3.12583801104325
"405","MNFKfjTjmOa",3.75692411310112,3.741225561963,3.75559858902507,1.5836089960032,3.73877815486153,2.4733587268424,5.2538782648686
"406","wSBGtJetAmG",2.0565455002524,2.21550859217734,2.11930250998102,2.23024138546282,1.93727193840156,1.66321570783228,3.51477723702239
"407","qmbeCcljxvf",2.74115136976878,2.75534331976244,2.74788170778372,2.25768043370261,2.72357761454572,2.40000410461251,4.23576292748677
"408","vULqzcaMdWe",2.51729115376932,2.49566265352607,2.50857956644187,2.57016468058805,2.5345813202983,2.6177302859305,4.02322857561627
"409","onFLZxHLtLd",1.6110904589966,1.63530290060158,1.61735056635099,3.09740268301375,1.61318436634865,2.44653380432392,3.10958355101338
"410","CwfiGcqiRkX",2.35693089793237,2.63086042615447,2.46756992691322,1.55232734497153,2.13607435126554,1.00208153789005,3.78128339667785
"411","JhQzvsnUUwB",3.5387246876499,3.52219926706357,3.53618713999891,1.75642341497905,3.52663848987183,2.49757455749398,5.03719949641945
"412","FMqPQAWbmFx",2.88090797138826,2.94636527462273,2.90901299328453,1.95087141129486,2.81789343738043,2.10467055170952,4.36037789832268
"413","qBYUEfocJhl",2.36101058168365,2.44244004764355,2.39351221635617,2.29327435958699,2.2977372500043,2.06341145395818,3.83909344868848
"414","adcalyAsqvZ",4.11524411072782,4.09223235039284,4.11238853515214,1.33333721268499,4.09424979978455,2.48141589707298,5.61212243235663
"415","VJgvSqaWvQF",2.73660880132348,2.88898849320952,2.79942422422171,1.72704016531762,2.60595245997197,1.63826513928949,4.19265911518751
"416","HOmMLdgxZpV",3.11876241344524,3.00430605001293,3.07477890883692,2.46143944405853,3.19725447041081,3.07552418641646,4.6470662102902
"417","QOPUoPwWeEC",2.4807132184383,2.54096499236551,2.50509759008229,2.28208648130222,2.43183454119012,2.1694301735109,3.96400227603881
"418","iuFCTLlKRrA",4.00726824385287,3.8872050934497,3.96457678584644,1.79242952226275,4.06843577892519,3.02641080537411,5.5318858179888
"419","MOcmDjZJYuF",1.66619464255124,1.86813706801201,1.74483327884309,2.36754333233051,1.52134412707775,1.46133416251962,3.11473199081513
"420","aAdXSuiIhvQ",1.86900498524869,1.90181246077711,1.87979044215294,2.86368736803872,1.8576962705935,2.37589660904037,3.36357345445875
"421","drWWCXLGVzp",3.75498460366787,3.81063244789592,3.7826174648183,1.30932371255943,3.67844404305451,2.08003598869608,5.23202716853812
"422","mWdhXdhsJIV",2.16297346025517,2.19075953753426,2.17290088119651,2.65458036734343,2.14852647989321,2.37711051356747,3.65720650143113
"423","RGvHNeFUmUZ",3.2271873874967,3.24035101183462,3.23545222174202,1.88383361530353,3.19846666222262,2.36189354660236,4.71921318041002
"424","SXcvgVEqOEu",3.67213576349691,3.73448070247251,3.70215486902535,1.34783861286704,3.59215304377148,2.0505624567307,5.14779791761265
"425","qRwDxLNlMup",1.67577446742103,1.79556996526436,1.72110045691622,2.67763937260495,1.59797719809523,1.91353693921563,3.1471942248899
"426","qLqFbhZGFMg",1.61378326860559,1.80617044821975,1.68833204541748,2.44522177243985,1.47805266420567,1.51875551338054,3.06529866099976
"427","lExxQGHvHMY",3.15731266326757,3.34282400051398,3.23526892622173,1.2719325025456,2.9891392516773,1.41763688636886,4.60162441912007
"428","IsciWZNoAoj",2.77064377068731,2.71657632200921,2.74977968047808,2.49861444085267,2.80825628394822,2.77381913806232,4.28414202721489
"429","vamJpkwwjKL",2.59667870518424,2.67093860633982,2.62721601967606,2.13779119110492,2.5334648755078,2.08172485359432,4.07537061526443
"430","QSPhEVgJDFi",1.71746306864783,1.80661860062348,1.75051685773824,2.76367286843486,1.66373576253344,2.07877052627061,3.19719243417548
"431","avRRhPGFgVG",1.45999186615162,1.48773285623108,1.46707770789688,3.20121994614638,1.46292263967307,2.44068371877254,2.95839276349801
"432","DMOlSQWLLyY",4.08942923415305,4.27342737033227,4.17051466001888,0.553197657655206,3.89950232518359,1.34201765967419,5.52865387862275
"433","fhaLXFqLCdD",1.5462313626104,2.00761846949079,1.72972107013489,1.457901163852,1.19181940533091,0.0412227420268256,2.92302943924869
"434","DxMspAgzPqI",2.13401577846312,2.10996709070749,2.12278232224535,2.87746053657069,2.16274286698541,2.66560378937642,3.64289453201983
"435","ZhNcwHOqOZD",3.65431486949923,3.66803928830374,3.664522787396,1.54963673955018,3.61459859590382,2.32032497634339,5.14365934884934
"436","roiiSjJJREb",4.53965055298698,4.52714399102147,4.5427644965776,0.962814969149141,4.4995819896387,2.38524597301194,6.03108672999927
"437","kJXsdTlZWhh",1.499668877065,1.94363270851313,1.67589784600873,1.56144720113599,1.16067754439037,0.14151184338402,2.88160752541134
"438","UjgleEePlub",2.84695204904744,2.85010701218344,2.84962635243805,2.21809990245662,2.83580925226228,2.45134598442791,4.3440202398364
"439","lyHMjoayzoe",2.40405783735291,2.41680415128648,2.40884744090791,2.5253094904728,2.39598352122908,2.43834259787523,3.90106561211816
"440","wAldVyIMmJK",2.89503782810966,2.97444321452697,2.92886242898318,1.88597052066004,2.82024935966166,2.02646974007989,4.37052931641654
"441","OXKVqDWWpIu",1.80111549260326,2.14176990217885,1.93661215765452,1.72646418585587,1.5393127465923,0.684140983626475,3.21012084884161
"442","ZSpQZQVclTr",3.04683713988773,3.10807651148946,3.07389610399598,1.83819039057684,2.98318460499525,2.11298686144179,4.52650410528575
"443","ZGElMaIGdVP",3.19009991110527,3.1657733350701,3.18299501815577,2.05758389611299,3.19300363844812,2.57200444064632,4.69281383765792
"444","BdceHBlPRLk",1.80223022459863,2.02274425471971,1.88895515038634,2.19000613635198,1.63881136548134,1.34665193951681,3.24477746908869
"445","GJinAVRCuDU",2.53550245830827,2.50132126300587,2.52176769725141,2.60453111141696,2.56262576911761,2.68532181058637,4.04483749913458
"446","QggLqsSRODe",2.27815479716566,2.26090449345224,2.27026032365523,2.73913406274668,2.29775752642335,2.61512456434214,3.78428314915304
"447","HOhsPymgQEY",1.77995624574176,1.85688474017436,1.80829691824528,2.76235778001525,1.73470300138045,2.14057704080732,3.26273054587646
"448","hjyeVVVdBEL",4.06929647027551,4.13973628565617,4.10419709710926,1.00781315764602,3.97288596620168,1.97014049823645,5.54035059494608
"449","hkbocuujygT",2.88654017267341,2.81896002222028,2.86065546947147,2.4607559596003,2.93236255655861,2.83790592974079,4.40312671577227
"450","vYOluuoAoLh",3.55004496842652,3.63268144793666,3.58781197402929,1.36430839648094,3.45645238338746,1.94964626205806,5.02076250062057
"451","VZeqBpjEKBz",2.7004051334678,2.74323260839947,2.71859766651983,2.17866265117341,2.66038008018789,2.24574074140133,4.18726124094276
"452","FBCOYGrXZQt",1.80090957562664,1.94136461236797,1.85512576454586,2.50050468796071,1.70310254705139,1.78832102672812,3.26582061805767
"453","WTYUpNvjsjD",2.91303569191615,3.02869049878759,2.96164960477133,1.7318559146778,2.80811003276109,1.82492172229078,4.37829836401787
"454","xnttJFRRLiQ",4.09780057982814,4.09390319165206,4.10263525988765,1.27300946764028,4.06157927550975,2.37756553166189,5.58944443542315
"455","kztTCfXOzWt",1.38925218103131,1.48735761716162,1.4246214316461,2.98421250175604,1.33628983339259,2.05897425023075,2.86842236703909
"456","xxJkpGAANlj",2.42148673174685,2.46319908825731,2.43810635796092,2.39979142704482,2.38925534153787,2.27701591569239,3.91030289284129
"457","nrIBYYegmuX",3.48372466524998,3.46993004648946,3.48207491754514,1.78862183435311,3.47075828252829,2.48746773872909,4.98176201462402
"458","nEpUqfIVfNi",3.68623282675535,3.78644488493669,3.73168235331458,1.19050301498189,3.57488402315643,1.8404437135742,5.15123748934137
"459","VrsoiiHlgSz",2.6212524161829,2.66314568128531,2.63874777752045,2.24380353667895,2.58394511061138,2.25802326922713,4.10883726126645
"460","EIZjqGPYZgZ",2.47093457559423,2.86071056481104,2.62906437265519,1.01589603222753,2.15237176078611,0.352883012382523,3.86226378159261
"461","aQygVyOCOZs",2.73665607502323,2.77718326280466,2.75406029532412,2.15937472234241,2.69762104991066,2.2551620544633,4.22394024752395
"462","GesLzUtXyNE",2.77284907052039,2.71953387060287,2.75229924523522,2.49399228878581,2.80979098996745,2.76947160009715,4.28612423076826
"463","QgZDdvPdohY",2.91694375214013,2.91950538512735,2.9196582639683,2.16598514478742,2.90456045119917,2.44831353583813,4.41376391165313
"464","VkBZDYuWOPo",1.49110556009018,1.51502082665595,1.49676313988024,3.19182212398462,1.49640262579113,2.45898104835908,2.99039085722307
"465","lzqxZHdgGHb",4.17759129545965,4.25420590841562,4.2154337775525,0.89976080154421,4.07345142244112,1.92632938811327,5.64628102337793
"466","JzxffgKsDgO",2.32465415880436,2.40021807212105,2.35462840451524,2.3442097363666,2.26708233934513,2.09903677607732,3.80458984585309
"467","KpLRcGGNwxV",2.41435476465781,2.66117317622845,2.5142174782321,1.612488036478,2.21428942140336,1.14643499782143,3.84593845172517
"468","VjVLRLIxTDh",3.26807102768582,3.34862847162357,3.30386151084896,1.59153847541387,3.18313705816475,1.98651298048009,4.74103584259549
"469","lKPTybKeQKT",3.32515382459113,3.49415031626716,3.39707924115257,1.20529950734912,3.16636810051392,1.49360224963653,4.7730851564274
"470","CDqnbvdslId",3.09606487984143,3.1392015565367,3.11597197263372,1.86989987770513,3.04602659842775,2.20839439429344,4.58049593267295
"471","elXqPMawQHT",1.46587243222436,1.5565427642772,1.4985307965522,2.95339222871225,1.4171104180881,2.09307920291401,2.94666593031926
"472","BEsgYXULnzR",3.15138448608609,3.10490707996062,3.13513101288551,2.1733045853476,3.17338778356584,2.69766060622206,4.66051274218698
"473","AUDfBohOGmZ",3.01956331935248,3.18935760243426,3.09058533911821,1.43976749347929,2.86766225883243,1.51672975558501,4.46907819285037
"474","tbHnazOlawv",2.5521524620313,2.58332838721592,2.56501913750804,2.33894703640753,2.52532864743946,2.32335723470526,4.04313850382716
"475","jAnfqSOvXUm",2.44132339143125,2.55429329218529,2.48695278608428,2.10892181789504,2.35023301569787,1.88222162311369,3.91012405964149
"476","qooYLhIPxkT",2.49941423295658,2.56695939547698,2.52683477908154,2.23935623080599,2.44409996613082,2.12752029228848,3.98055611557729
"477","hOGoFHpmKKq",1.98937733368956,2.12989089275262,2.04437419561946,2.35377237173253,1.8868733327935,1.77102109487416,3.45315801684334
"478","ZjPXctGfNqX",2.4689793186579,2.46774199804308,2.46835239103043,2.52889696229331,2.47075805695116,2.50961854700396,3.96950819365911
"479","plmGvUnBXrz",2.60022428138366,2.87282683782666,2.71130166925171,1.36833182494837,2.37445325845829,0.987484346055094,4.02350924201444
"480","xEpMOEATWHG",2.20012520038844,2.46833352301403,2.30781170295237,1.6963364217627,1.98782311238477,1.04776080404628,3.62700217679735
"481","gpNZbdUgJUL",3.45041447718205,3.61942591922091,3.52284902809382,1.10786989335526,3.2885266354986,1.48223632248603,4.89760122890117
"482","hhIpTlbZgdg",3.1454774522769,3.295176021911,3.20884643156637,1.41956864516922,3.00693153562138,1.61622149725359,4.59985966472933
"483","uHoltRdlUQe",2.8205801598627,2.85367089883563,2.83530228115948,2.12288198584432,2.78556640221729,2.28861649490406,4.30944484760424
"484","OtUVtuTXiHF",2.74724703667341,2.88571676927911,2.80445783083313,1.77254011993888,2.62772243336168,1.71402457770914,4.20711874115884
"485","UnooTSNDKaF",3.72127503051913,3.85856610064463,3.78191913032754,1.01993210317819,3.57868904563291,1.63278488898315,5.17571847079468
"486","aaKZsbWEGzE",2.807042983379,2.96735277470438,2.87336084899939,1.64163371258554,2.66815336968763,1.58818348041775,4.260462534136
"487","cFyrudSpYQf",3.15563716302634,3.2408988412446,3.19288598445405,1.66075490106996,3.06962324893666,1.97069570773612,4.62795293608725
